,dataset,model,annotator,precision,recall,f1_score,y_labels,order
251,concept_treatment_extraction,mistral-7b,Annotator_9,0.05436486361022284,0.5344931886204582,0.0888479596537575,Mistral (7b),0
164,concept_test_extraction,mistral-7b,Annotator_6,0.2520163270010329,0.32594798957412074,0.19680954645526913,Mistral (7b),0
165,concept_test_extraction,mistral-7b,Annotator_7,0.2815341610566055,0.3067628002716441,0.23023366950539614,Mistral (7b),0
166,concept_test_extraction,mistral-7b,Annotator_8,0.4365483400424691,0.3326641097628581,0.3012609383070697,Mistral (7b),0
167,concept_test_extraction,mistral-7b,Annotator_9,0.12749072639204698,0.38861134773530936,0.1307137644656408,Mistral (7b),0
240,concept_treatment_extraction,mistral-7b,Annotator_1,0.0592201387575474,0.5177157719399048,0.09384201330695409,Mistral (7b),0
241,concept_treatment_extraction,mistral-7b,Annotator_10,0.05305851834560418,0.5357091578528697,0.08680553422068595,Mistral (7b),0
163,concept_test_extraction,mistral-7b,Annotator_5,0.14148214346366347,0.35616780962015293,0.15482693861679817,Mistral (7b),0
242,concept_treatment_extraction,mistral-7b,Annotator_11,0.15672688711844723,0.5597109673994881,0.21319445399864267,Mistral (7b),0
244,concept_treatment_extraction,mistral-7b,Annotator_2,0.06300534791829715,0.4111364141981849,0.09044654335558835,Mistral (7b),0
245,concept_treatment_extraction,mistral-7b,Annotator_3,0.052271017408697995,0.52535055864259,0.08579362620048511,Mistral (7b),0
246,concept_treatment_extraction,mistral-7b,Annotator_4,0.23318206958065435,0.49703432823342625,0.27003752802258274,Mistral (7b),0
247,concept_treatment_extraction,mistral-7b,Annotator_5,0.14269399533166255,0.5465897502116355,0.1910891669531942,Mistral (7b),0
248,concept_treatment_extraction,mistral-7b,Annotator_6,0.2528953613167828,0.5446856638135741,0.3033286945547565,Mistral (7b),0
249,concept_treatment_extraction,mistral-7b,Annotator_7,0.18528668283680466,0.4633992850270131,0.23319701851193095,Mistral (7b),0
243,concept_treatment_extraction,mistral-7b,Annotator_12,0.18108449515271705,0.5601505361531937,0.23420299003487988,Mistral (7b),0
250,concept_treatment_extraction,mistral-7b,Annotator_8,0.05586899023958129,0.5170164865699777,0.09137443329807532,Mistral (7b),0
162,concept_test_extraction,mistral-7b,Annotator_4,0.2940310732721258,0.30587369429799466,0.23614094151948495,Mistral (7b),0
160,concept_test_extraction,mistral-7b,Annotator_2,0.06351973735441246,0.37540939544642493,0.0792934775877732,Mistral (7b),0
74,concept_problem_extraction,mistral-7b,Annotator_11,0.30468347932083323,0.4452791808263248,0.32875876727781383,Mistral (7b),0
75,concept_problem_extraction,mistral-7b,Annotator_12,0.36170126582882917,0.3519370470394308,0.3107408204288852,Mistral (7b),0
76,concept_problem_extraction,mistral-7b,Annotator_2,0.25833934063093345,0.3862370905167599,0.25085901208026584,Mistral (7b),0
77,concept_problem_extraction,mistral-7b,Annotator_3,0.16483341404279436,0.44474374848825715,0.20883052099004895,Mistral (7b),0
78,concept_problem_extraction,mistral-7b,Annotator_4,0.38203283554976136,0.30825224728321265,0.29464524736927256,Mistral (7b),0
79,concept_problem_extraction,mistral-7b,Annotator_5,0.2960600200527521,0.3934672445281997,0.3004632406913388,Mistral (7b),0
161,concept_test_extraction,mistral-7b,Annotator_3,0.04200003963485545,0.5019246563768365,0.06303869597293116,Mistral (7b),0
80,concept_problem_extraction,mistral-7b,Annotator_6,0.24155910178277532,0.4122656092741331,0.2518990517437958,Mistral (7b),0
82,concept_problem_extraction,mistral-7b,Annotator_8,0.14499294372136914,0.4544352008485699,0.1826058394216869,Mistral (7b),0
83,concept_problem_extraction,mistral-7b,Annotator_9,0.2353996394697089,0.4436248912685301,0.2647974195685243,Mistral (7b),0
156,concept_test_extraction,mistral-7b,Annotator_1,0.058375075605342,0.44425570041146467,0.08215211457010363,Mistral (7b),0
157,concept_test_extraction,mistral-7b,Annotator_10,0.04664889106700391,0.47886484035114474,0.0685386401711118,Mistral (7b),0
158,concept_test_extraction,mistral-7b,Annotator_11,0.13401111796283005,0.38142680332196455,0.15898481666003497,Mistral (7b),0
159,concept_test_extraction,mistral-7b,Annotator_12,0.13587850312324715,0.38317207176403045,0.14644494528971622,Mistral (7b),0
81,concept_problem_extraction,mistral-7b,Annotator_7,0.33972729164614135,0.4096354038816101,0.33298124171544685,Mistral (7b),0
73,concept_problem_extraction,mistral-7b,Annotator_10,0.15018800578583397,0.47136951069300553,0.1928743121005751,Mistral (7b),0
502,risk_factor_cad_extraction,mistral-7b,Annotator_8,0.04299652562773133,0.9160634981860314,0.0652075161433672,Mistral (7b),0
416,medication_extraction,mistral-7b,Annotator_6,0.47670814978823556,0.4660660825777988,0.42715932071115426,Mistral (7b),0
417,medication_extraction,mistral-7b,Annotator_7,0.35316881550934703,0.438604376923132,0.3281922071322537,Mistral (7b),0
418,medication_extraction,mistral-7b,Annotator_8,0.6185833138991904,0.4949516156492017,0.505068719284292,Mistral (7b),0
419,medication_extraction,mistral-7b,Annotator_9,0.3576357632458742,0.42971758026687085,0.34053943365213546,Mistral (7b),0
492,risk_factor_cad_extraction,mistral-7b,Annotator_1,0.026917317734977457,0.9257496738662905,0.04414821198069157,Mistral (7b),0
493,risk_factor_cad_extraction,mistral-7b,Annotator_10,0.035484211993210446,0.9287755355700996,0.05409933439994266,Mistral (7b),0
415,medication_extraction,mistral-7b,Annotator_5,0.34435634215146044,0.42695558533933337,0.3329976818186044,Mistral (7b),0
494,risk_factor_cad_extraction,mistral-7b,Annotator_11,0.040334154226463984,0.929684836581519,0.06471020680731178,Mistral (7b),0
496,risk_factor_cad_extraction,mistral-7b,Annotator_2,0.03197323731519272,0.9289727568043534,0.052191740226174614,Mistral (7b),0
497,risk_factor_cad_extraction,mistral-7b,Annotator_3,0.030931390532103614,0.92661549899985,0.049778173831481774,Mistral (7b),0
498,risk_factor_cad_extraction,mistral-7b,Annotator_4,0.033952827395259615,0.9294203643159047,0.054743415700791075,Mistral (7b),0
499,risk_factor_cad_extraction,mistral-7b,Annotator_5,0.03286968822987868,0.9235794481164219,0.05274698288682781,Mistral (7b),0
500,risk_factor_cad_extraction,mistral-7b,Annotator_6,0.045939814266234474,0.9134965885001913,0.06718366689654427,Mistral (7b),0
501,risk_factor_cad_extraction,mistral-7b,Annotator_7,0.03087867094758123,0.9123286303659273,0.05042435400627228,Mistral (7b),0
495,risk_factor_cad_extraction,mistral-7b,Annotator_12,0.0321429031521744,0.9262435909957,0.05238941834227168,Mistral (7b),0
414,medication_extraction,mistral-7b,Annotator_4,0.3179239345215985,0.4214144430124283,0.29870665805068897,Mistral (7b),0
412,medication_extraction,mistral-7b,Annotator_2,0.7482741963187004,0.5496322276056964,0.6080750459479232,Mistral (7b),0
413,medication_extraction,mistral-7b,Annotator_3,0.2886050763267842,0.4143275748562369,0.28162097984575934,Mistral (7b),0
408,medication_extraction,mistral-7b,Annotator_1,0.24620057434830306,0.3996727774213387,0.24431708273985045,Mistral (7b),0
409,medication_extraction,mistral-7b,Annotator_10,0.21734215499516824,0.40000354645523084,0.22333326452144767,Mistral (7b),0
410,medication_extraction,mistral-7b,Annotator_11,0.2844902036919149,0.4140643127646271,0.28286348675109524,Mistral (7b),0
411,medication_extraction,mistral-7b,Annotator_12,0.2905428815930353,0.5815245928510466,0.3445168768062754,Mistral (7b),0
72,concept_problem_extraction,mistral-7b,Annotator_1,0.2290214692570035,0.4408371727771341,0.2606568993872766,Mistral (7b),0
503,risk_factor_cad_extraction,mistral-7b,Annotator_9,0.04701855028926647,0.9112338348713852,0.07422209861635866,Mistral (7b),0
0,concept_problem_extraction,Llama-2-13b-chat,Annotator_1,0.302566291164364,0.3958799616224886,0.3032301097230282,Llama-2 (13b),1
176,concept_treatment_extraction,Llama-2-13b-chat,Annotator_6,0.29528137453319514,0.4831184589977142,0.31407803425618047,Llama-2 (13b),1
175,concept_treatment_extraction,Llama-2-13b-chat,Annotator_5,0.2059810789292166,0.5157919060915651,0.24365066957746648,Llama-2 (13b),1
174,concept_treatment_extraction,Llama-2-13b-chat,Annotator_4,0.38941745448470044,0.4438917083652476,0.3688612463274376,Llama-2 (13b),1
173,concept_treatment_extraction,Llama-2-13b-chat,Annotator_3,0.09713301616601236,0.47142279314949703,0.1341622050955887,Llama-2 (13b),1
172,concept_treatment_extraction,Llama-2-13b-chat,Annotator_2,0.11151028415359437,0.3168142270202938,0.1339862763164965,Llama-2 (13b),1
171,concept_treatment_extraction,Llama-2-13b-chat,Annotator_12,0.4046449288862318,0.43286162362746994,0.34518038553978964,Llama-2 (13b),1
170,concept_treatment_extraction,Llama-2-13b-chat,Annotator_11,0.253754463194098,0.5240328520603543,0.3010796364797282,Llama-2 (13b),1
169,concept_treatment_extraction,Llama-2-13b-chat,Annotator_10,0.14572912914319308,0.4871264238272276,0.18412013075685912,Llama-2 (13b),1
168,concept_treatment_extraction,Llama-2-13b-chat,Annotator_1,0.12074132250724408,0.4858110141050463,0.16049505993518057,Llama-2 (13b),1
11,concept_problem_extraction,Llama-2-13b-chat,Annotator_9,0.29909084035073624,0.37180183603966743,0.28473803411950954,Llama-2 (13b),1
420,risk_factor_cad_extraction,Llama-2-13b-chat,Annotator_1,0.03561140215539826,0.9033601928852926,0.057851068990169306,Llama-2 (13b),1
421,risk_factor_cad_extraction,Llama-2-13b-chat,Annotator_10,0.0441071601605127,0.9132586032702111,0.06751439178292569,Llama-2 (13b),1
422,risk_factor_cad_extraction,Llama-2-13b-chat,Annotator_11,0.04909780118194317,0.9100087405349149,0.0773094905629699,Llama-2 (13b),1
423,risk_factor_cad_extraction,Llama-2-13b-chat,Annotator_12,0.04191665691966056,0.8974193127039947,0.0657010133677149,Llama-2 (13b),1
424,risk_factor_cad_extraction,Llama-2-13b-chat,Annotator_2,0.07174207284834211,0.899642567600139,0.10401523349465114,Llama-2 (13b),1
425,risk_factor_cad_extraction,Llama-2-13b-chat,Annotator_3,0.0602518485624659,0.9030602169420403,0.08702449436762123,Llama-2 (13b),1
426,risk_factor_cad_extraction,Llama-2-13b-chat,Annotator_4,0.06721304841388773,0.9029423910600236,0.0980901211883112,Llama-2 (13b),1
427,risk_factor_cad_extraction,Llama-2-13b-chat,Annotator_5,0.034558116754327885,0.9158141467830884,0.05642260438083671,Llama-2 (13b),1
428,risk_factor_cad_extraction,Llama-2-13b-chat,Annotator_6,0.07236083678237643,0.9050613483827347,0.09943508081495177,Llama-2 (13b),1
429,risk_factor_cad_extraction,Llama-2-13b-chat,Annotator_7,0.0484839968870877,0.8838189901761379,0.07176983781671473,Llama-2 (13b),1
177,concept_treatment_extraction,Llama-2-13b-chat,Annotator_7,0.3277865128756097,0.43019303468146824,0.3265973098898963,Llama-2 (13b),1
430,risk_factor_cad_extraction,Llama-2-13b-chat,Annotator_8,0.08193896783919737,0.8833071460943581,0.10614093148207783,Llama-2 (13b),1
178,concept_treatment_extraction,Llama-2-13b-chat,Annotator_8,0.24867402698564323,0.4337598562477049,0.2538355544706471,Llama-2 (13b),1
347,medication_extraction,Llama-2-13b-chat,Annotator_9,0.4656077591789305,0.6566854478711436,0.5090117594090631,Llama-2 (13b),1
336,medication_extraction,Llama-2-13b-chat,Annotator_1,0.40540438028454173,0.6743575571747834,0.4790831805043961,Llama-2 (13b),1
337,medication_extraction,Llama-2-13b-chat,Annotator_10,0.5000815587657896,0.6673908903058842,0.540755031977591,Llama-2 (13b),1
338,medication_extraction,Llama-2-13b-chat,Annotator_11,0.37178854980312676,0.6676030387434275,0.455559524234829,Llama-2 (13b),1
339,medication_extraction,Llama-2-13b-chat,Annotator_12,0.46747129956225536,0.6560288743768518,0.5116951597707236,Llama-2 (13b),1
340,medication_extraction,Llama-2-13b-chat,Annotator_2,0.757652836142385,0.6005765683731507,0.6301550542993006,Llama-2 (13b),1
341,medication_extraction,Llama-2-13b-chat,Annotator_3,0.585975442934993,0.6506258837745373,0.5640265049761908,Llama-2 (13b),1
342,medication_extraction,Llama-2-13b-chat,Annotator_4,0.6546555456872264,0.6315241594901995,0.5956628121882439,Llama-2 (13b),1
343,medication_extraction,Llama-2-13b-chat,Annotator_5,0.4790579121369513,0.6424554198011793,0.5247691539734025,Llama-2 (13b),1
344,medication_extraction,Llama-2-13b-chat,Annotator_6,0.5582122340367034,0.6306951927495006,0.5497896838976433,Llama-2 (13b),1
345,medication_extraction,Llama-2-13b-chat,Annotator_7,0.7104508304368208,0.6369751845807514,0.6399119500297281,Llama-2 (13b),1
346,medication_extraction,Llama-2-13b-chat,Annotator_8,0.9093411364245894,0.6110005953134975,0.7046352958509611,Llama-2 (13b),1
179,concept_treatment_extraction,Llama-2-13b-chat,Annotator_9,0.1241572641037584,0.4714556724693851,0.16669986096343867,Llama-2 (13b),1
431,risk_factor_cad_extraction,Llama-2-13b-chat,Annotator_9,0.05393660529128116,0.8944245380464402,0.08288290340901937,Llama-2 (13b),1
88,concept_test_extraction,Llama-2-13b-chat,Annotator_2,0.10177084615988878,0.2626372478779204,0.11926357876804136,Llama-2 (13b),1
94,concept_test_extraction,Llama-2-13b-chat,Annotator_8,0.4904157931564675,0.3233004990360282,0.32779619529986115,Llama-2 (13b),1
93,concept_test_extraction,Llama-2-13b-chat,Annotator_7,0.3960350420859559,0.3158411148422753,0.2633446330689212,Llama-2 (13b),1
92,concept_test_extraction,Llama-2-13b-chat,Annotator_6,0.3263061082670028,0.305502024272483,0.19886428472966405,Llama-2 (13b),1
91,concept_test_extraction,Llama-2-13b-chat,Annotator_5,0.19814812973843157,0.358679481756503,0.2066982429511878,Llama-2 (13b),1
90,concept_test_extraction,Llama-2-13b-chat,Annotator_4,0.37757281711155655,0.3102543663943265,0.25994430703873594,Llama-2 (13b),1
89,concept_test_extraction,Llama-2-13b-chat,Annotator_3,0.08610783915915612,0.3542651547399834,0.09091570443725401,Llama-2 (13b),1
87,concept_test_extraction,Llama-2-13b-chat,Annotator_12,0.2964270223101887,0.3082664218725636,0.2040794564732702,Llama-2 (13b),1
86,concept_test_extraction,Llama-2-13b-chat,Annotator_11,0.19305733857071092,0.3717393828608097,0.21613913195979906,Llama-2 (13b),1
85,concept_test_extraction,Llama-2-13b-chat,Annotator_10,0.1110283689580759,0.3911882543918196,0.1359823989211357,Llama-2 (13b),1
84,concept_test_extraction,Llama-2-13b-chat,Annotator_1,0.13350806994519698,0.4244217278072195,0.16930902533429532,Llama-2 (13b),1
95,concept_test_extraction,Llama-2-13b-chat,Annotator_9,0.18221987817323676,0.3663167453872234,0.1754817630530509,Llama-2 (13b),1
1,concept_problem_extraction,Llama-2-13b-chat,Annotator_10,0.31989247906337825,0.4028193715053278,0.3100247772654088,Llama-2 (13b),1
2,concept_problem_extraction,Llama-2-13b-chat,Annotator_11,0.33327466412094264,0.39001727324647073,0.3218249867253794,Llama-2 (13b),1
3,concept_problem_extraction,Llama-2-13b-chat,Annotator_12,0.40276995037319535,0.3639567927873712,0.34491206515800776,Llama-2 (13b),1
4,concept_problem_extraction,Llama-2-13b-chat,Annotator_2,0.3078265713681763,0.37394363858652463,0.281061036768811,Llama-2 (13b),1
5,concept_problem_extraction,Llama-2-13b-chat,Annotator_3,0.321089912539032,0.37807857139116663,0.30498589499961215,Llama-2 (13b),1
6,concept_problem_extraction,Llama-2-13b-chat,Annotator_4,0.5025957625499095,0.3463949754089793,0.36691056531955263,Llama-2 (13b),1
7,concept_problem_extraction,Llama-2-13b-chat,Annotator_5,0.3160475685035053,0.38666306757934615,0.30373420291735803,Llama-2 (13b),1
8,concept_problem_extraction,Llama-2-13b-chat,Annotator_6,0.5339657985173293,0.33362718395426727,0.362339225675636,Llama-2 (13b),1
10,concept_problem_extraction,Llama-2-13b-chat,Annotator_8,0.3959464415498049,0.33874403460347935,0.32194152064830317,Llama-2 (13b),1
9,concept_problem_extraction,Llama-2-13b-chat,Annotator_7,0.4871505085413262,0.3925459367597832,0.39669826750269227,Llama-2 (13b),1
441,risk_factor_cad_extraction,Llama-2-7b-chat-hf,Annotator_7,0.04002618793457712,0.8637334385117982,0.06122384756479702,Llama-2 (7b),2
354,medication_extraction,Llama-2-7b-chat-hf,Annotator_4,0.847466046325883,0.6282153026049512,0.6963024878295655,Llama-2 (7b),2
355,medication_extraction,Llama-2-7b-chat-hf,Annotator_5,0.46426139718431453,0.6625718736035103,0.5184936808427949,Llama-2 (7b),2
356,medication_extraction,Llama-2-7b-chat-hf,Annotator_6,0.8167026771384224,0.6403834077827287,0.6858477508400045,Llama-2 (7b),2
182,concept_treatment_extraction,Llama-2-7b-chat-hf,Annotator_11,0.3135684746627788,0.5359648646518723,0.3536600599913372,Llama-2 (7b),2
183,concept_treatment_extraction,Llama-2-7b-chat-hf,Annotator_12,0.5773960049298587,0.47386214327425047,0.4601583196305278,Llama-2 (7b),2
184,concept_treatment_extraction,Llama-2-7b-chat-hf,Annotator_2,0.27351929092042687,0.4691989698823001,0.3078163019043937,Llama-2 (7b),2
190,concept_treatment_extraction,Llama-2-7b-chat-hf,Annotator_8,0.4748601558817417,0.46845608730041227,0.4132734986834342,Llama-2 (7b),2
185,concept_treatment_extraction,Llama-2-7b-chat-hf,Annotator_3,0.1683601820149367,0.4641382511552732,0.19965316826081844,Llama-2 (7b),2
357,medication_extraction,Llama-2-7b-chat-hf,Annotator_7,0.8252356326468705,0.629543788705405,0.6829109882236257,Llama-2 (7b),2
187,concept_treatment_extraction,Llama-2-7b-chat-hf,Annotator_5,0.3491760506930216,0.5327320471735457,0.3794358148683379,Llama-2 (7b),2
188,concept_treatment_extraction,Llama-2-7b-chat-hf,Annotator_6,0.6351694197530845,0.4848451095504558,0.4970712723872478,Llama-2 (7b),2
353,medication_extraction,Llama-2-7b-chat-hf,Annotator_3,0.6956444642323438,0.648067928269137,0.636231759384565,Llama-2 (7b),2
189,concept_treatment_extraction,Llama-2-7b-chat-hf,Annotator_7,0.4477708730302019,0.4379431589067771,0.39911202712761323,Llama-2 (7b),2
358,medication_extraction,Llama-2-7b-chat-hf,Annotator_8,0.9002189045550024,0.6086899911673705,0.7044310932899839,Llama-2 (7b),2
186,concept_treatment_extraction,Llama-2-7b-chat-hf,Annotator_4,0.7067136772805523,0.4400788542132371,0.49968253953794867,Llama-2 (7b),2
352,medication_extraction,Llama-2-7b-chat-hf,Annotator_2,0.8008223873113339,0.6403328241290376,0.6816698570376234,Llama-2 (7b),2
350,medication_extraction,Llama-2-7b-chat-hf,Annotator_11,0.3949769611957425,0.6936339691271983,0.481833648202957,Llama-2 (7b),2
23,concept_problem_extraction,Llama-2-7b-chat-hf,Annotator_9,0.2920546262704713,0.37757398285330956,0.2848880177878722,Llama-2 (7b),2
181,concept_treatment_extraction,Llama-2-7b-chat-hf,Annotator_10,0.3006320388741445,0.5180666098567458,0.33577429628757555,Llama-2 (7b),2
348,medication_extraction,Llama-2-7b-chat-hf,Annotator_1,0.43087853645164365,0.6764505735074955,0.4987397785370391,Llama-2 (7b),2
349,medication_extraction,Llama-2-7b-chat-hf,Annotator_10,0.4664101349743582,0.6846977065057163,0.5244296718102569,Llama-2 (7b),2
351,medication_extraction,Llama-2-7b-chat-hf,Annotator_12,0.5856848009591386,0.6555456950679818,0.587471418581508,Llama-2 (7b),2
440,risk_factor_cad_extraction,Llama-2-7b-chat-hf,Annotator_6,0.09108184051172054,0.8877871987702605,0.1216862070392829,Llama-2 (7b),2
191,concept_treatment_extraction,Llama-2-7b-chat-hf,Annotator_9,0.2753020307114447,0.44490500373002667,0.2851886750785033,Llama-2 (7b),2
96,concept_test_extraction,Llama-2-7b-chat-hf,Annotator_1,0.1312918521182746,0.4011982080040248,0.17255851432775746,Llama-2 (7b),2
432,risk_factor_cad_extraction,Llama-2-7b-chat-hf,Annotator_1,0.029704521114609025,0.8889589094621938,0.051048113486186354,Llama-2 (7b),2
442,risk_factor_cad_extraction,Llama-2-7b-chat-hf,Annotator_8,0.09961207423690743,0.8721468537220199,0.12270838334790629,Llama-2 (7b),2
443,risk_factor_cad_extraction,Llama-2-7b-chat-hf,Annotator_9,0.04481105744975764,0.8859692743629349,0.06929298001951478,Llama-2 (7b),2
22,concept_problem_extraction,Llama-2-7b-chat-hf,Annotator_8,0.41342688087872914,0.3623589206227233,0.35110133605067884,Llama-2 (7b),2
20,concept_problem_extraction,Llama-2-7b-chat-hf,Annotator_6,0.4336382594331585,0.34505622782913953,0.3506647073917272,Llama-2 (7b),2
19,concept_problem_extraction,Llama-2-7b-chat-hf,Annotator_5,0.2941676039760495,0.3867690433067236,0.3033775065350381,Llama-2 (7b),2
433,risk_factor_cad_extraction,Llama-2-7b-chat-hf,Annotator_10,0.03988819167026568,0.8937569446183367,0.06273372200465456,Llama-2 (7b),2
18,concept_problem_extraction,Llama-2-7b-chat-hf,Annotator_4,0.5509595538192156,0.32436871712113124,0.36926441915978975,Llama-2 (7b),2
16,concept_problem_extraction,Llama-2-7b-chat-hf,Annotator_2,0.41419435302113666,0.3656324604765478,0.34141517590981024,Llama-2 (7b),2
15,concept_problem_extraction,Llama-2-7b-chat-hf,Annotator_12,0.4134970358854227,0.3571366004691623,0.3388101299028983,Llama-2 (7b),2
14,concept_problem_extraction,Llama-2-7b-chat-hf,Annotator_11,0.325918454567244,0.4065569203408731,0.32420501510118727,Llama-2 (7b),2
13,concept_problem_extraction,Llama-2-7b-chat-hf,Annotator_10,0.3192613016131741,0.40931123855110546,0.31139006535542496,Llama-2 (7b),2
180,concept_treatment_extraction,Llama-2-7b-chat-hf,Annotator_1,0.22656527965773318,0.5050683555574946,0.27010939950910007,Llama-2 (7b),2
12,concept_problem_extraction,Llama-2-7b-chat-hf,Annotator_1,0.28579198824501206,0.3917305340201203,0.29727594080573816,Llama-2 (7b),2
17,concept_problem_extraction,Llama-2-7b-chat-hf,Annotator_3,0.36156986579402767,0.3661783189109669,0.3133836184531848,Llama-2 (7b),2
434,risk_factor_cad_extraction,Llama-2-7b-chat-hf,Annotator_11,0.04889041958800359,0.9032403023773187,0.07771738800349519,Llama-2 (7b),2
21,concept_problem_extraction,Llama-2-7b-chat-hf,Annotator_7,0.4077320001167021,0.38677423457735627,0.35689313113983095,Llama-2 (7b),2
436,risk_factor_cad_extraction,Llama-2-7b-chat-hf,Annotator_2,0.05895867605850834,0.873006663263131,0.08751614224984311,Llama-2 (7b),2
97,concept_test_extraction,Llama-2-7b-chat-hf,Annotator_10,0.1895974206001,0.4276185511789033,0.2233598702903539,Llama-2 (7b),2
98,concept_test_extraction,Llama-2-7b-chat-hf,Annotator_11,0.20842938121968044,0.3980165908171758,0.23705229400337144,Llama-2 (7b),2
435,risk_factor_cad_extraction,Llama-2-7b-chat-hf,Annotator_12,0.03673155438022615,0.8783662091800861,0.060856788350585465,Llama-2 (7b),2
100,concept_test_extraction,Llama-2-7b-chat-hf,Annotator_2,0.1523897923593846,0.3718999804054489,0.1861738821308033,Llama-2 (7b),2
101,concept_test_extraction,Llama-2-7b-chat-hf,Annotator_3,0.11418561586396636,0.3708866663421012,0.12954758880432649,Llama-2 (7b),2
102,concept_test_extraction,Llama-2-7b-chat-hf,Annotator_4,0.43989047278197874,0.30245874039543796,0.282172705798044,Llama-2 (7b),2
103,concept_test_extraction,Llama-2-7b-chat-hf,Annotator_5,0.21765280747013616,0.4057452521035826,0.24819351576190957,Llama-2 (7b),2
104,concept_test_extraction,Llama-2-7b-chat-hf,Annotator_6,0.33793686655886823,0.35269509064485094,0.26620900391445024,Llama-2 (7b),2
99,concept_test_extraction,Llama-2-7b-chat-hf,Annotator_12,0.3257874132457061,0.380505053899683,0.2725137496365116,Llama-2 (7b),2
106,concept_test_extraction,Llama-2-7b-chat-hf,Annotator_8,0.3231124169365617,0.2967050420350968,0.2673654525360019,Llama-2 (7b),2
359,medication_extraction,Llama-2-7b-chat-hf,Annotator_9,0.6180389742012895,0.6577571567765271,0.6028003994166993,Llama-2 (7b),2
107,concept_test_extraction,Llama-2-7b-chat-hf,Annotator_9,0.2571629743126175,0.38581398880643103,0.25142959299927603,Llama-2 (7b),2
439,risk_factor_cad_extraction,Llama-2-7b-chat-hf,Annotator_5,0.03194827940240864,0.8927854872912702,0.05349426728252997,Llama-2 (7b),2
437,risk_factor_cad_extraction,Llama-2-7b-chat-hf,Annotator_3,0.05461320141364632,0.8832676514547906,0.08054480788547327,Llama-2 (7b),2
105,concept_test_extraction,Llama-2-7b-chat-hf,Annotator_7,0.48282759904028855,0.3097828086683619,0.30140143381136825,Llama-2 (7b),2
438,risk_factor_cad_extraction,Llama-2-7b-chat-hf,Annotator_4,0.06453605009164406,0.8948298894869136,0.09578177996935307,Llama-2 (7b),2
454,risk_factor_cad_extraction,alpaca-7b,Annotator_8,0.034951407668540616,0.7810452087221994,0.046385666754928584,Alpaca (7b),3
453,risk_factor_cad_extraction,alpaca-7b,Annotator_7,0.02754882401195528,0.7559555271325439,0.03414303336392299,Alpaca (7b),3
452,risk_factor_cad_extraction,alpaca-7b,Annotator_6,0.06719900239923349,0.8268484708864856,0.0815359393802044,Alpaca (7b),3
450,risk_factor_cad_extraction,alpaca-7b,Annotator_4,0.05996623716819128,0.8049293156408451,0.06926897246836085,Alpaca (7b),3
449,risk_factor_cad_extraction,alpaca-7b,Annotator_3,0.02365711851310964,0.7982459881982437,0.03205581007479294,Alpaca (7b),3
448,risk_factor_cad_extraction,alpaca-7b,Annotator_2,0.279752611233691,0.764679687804913,0.23405946662774677,Alpaca (7b),3
447,risk_factor_cad_extraction,alpaca-7b,Annotator_12,0.0265667294689062,0.7930587478113701,0.03768011496933214,Alpaca (7b),3
446,risk_factor_cad_extraction,alpaca-7b,Annotator_11,0.07288380773331979,0.8235961062277143,0.08512313678868695,Alpaca (7b),3
445,risk_factor_cad_extraction,alpaca-7b,Annotator_10,0.030319582766647056,0.8231650815649952,0.0462286894117086,Alpaca (7b),3
444,risk_factor_cad_extraction,alpaca-7b,Annotator_1,0.026982593472551945,0.802847057187526,0.04053478189182624,Alpaca (7b),3
451,risk_factor_cad_extraction,alpaca-7b,Annotator_5,0.05579912505793616,0.7955491061435841,0.06278391613960731,Alpaca (7b),3
29,concept_problem_extraction,alpaca-7b,Annotator_3,0.06697614340023977,0.238894720241856,0.09383258410286048,Alpaca (7b),3
361,medication_extraction,alpaca-7b,Annotator_10,0.16462715943086928,0.3046219085400274,0.2255508659212825,Alpaca (7b),3
362,medication_extraction,alpaca-7b,Annotator_11,0.057972994404541865,0.10965117665622165,0.1341879331692211,Alpaca (7b),3
363,medication_extraction,alpaca-7b,Annotator_12,0.09406243991870855,0.1503319447965631,0.20009914650392774,Alpaca (7b),3
364,medication_extraction,alpaca-7b,Annotator_2,0.13839418951166355,0.21697337247878629,0.23541135760208626,Alpaca (7b),3
365,medication_extraction,alpaca-7b,Annotator_3,0.08554026327149011,0.1854975307653047,0.1614602988427229,Alpaca (7b),3
366,medication_extraction,alpaca-7b,Annotator_4,0.07482960971070007,0.12995816131642174,0.16172842112702815,Alpaca (7b),3
367,medication_extraction,alpaca-7b,Annotator_5,0.21197348884468273,0.2916474062349033,0.29723927512117304,Alpaca (7b),3
368,medication_extraction,alpaca-7b,Annotator_6,0.2465307095356284,0.31091811263295377,0.3341555989802088,Alpaca (7b),3
369,medication_extraction,alpaca-7b,Annotator_7,0.10540909638773346,0.14826292967780483,0.21553297968914437,Alpaca (7b),3
370,medication_extraction,alpaca-7b,Annotator_8,0.27174390478956334,0.3041872229983151,0.3480013896470907,Alpaca (7b),3
371,medication_extraction,alpaca-7b,Annotator_9,0.18015159090783137,0.26086944802155293,0.27126119879485144,Alpaca (7b),3
455,risk_factor_cad_extraction,alpaca-7b,Annotator_9,0.023668270504578964,0.784638451244924,0.03468602437631895,Alpaca (7b),3
24,concept_problem_extraction,alpaca-7b,Annotator_1,0.10918328124718948,0.24786834795711432,0.11855063223652003,Alpaca (7b),3
26,concept_problem_extraction,alpaca-7b,Annotator_11,0.19658622651419994,0.24320519843301647,0.18619892860109055,Alpaca (7b),3
27,concept_problem_extraction,alpaca-7b,Annotator_12,0.0998803121070971,0.20334832493617305,0.11109505058188747,Alpaca (7b),3
28,concept_problem_extraction,alpaca-7b,Annotator_2,0.09290084217666413,0.2547085337658262,0.12433151254138355,Alpaca (7b),3
30,concept_problem_extraction,alpaca-7b,Annotator_4,0.09858211125167456,0.19615809308803808,0.11882342203413018,Alpaca (7b),3
31,concept_problem_extraction,alpaca-7b,Annotator_5,0.1089021902312811,0.2483446297606234,0.12633603868540907,Alpaca (7b),3
32,concept_problem_extraction,alpaca-7b,Annotator_6,0.1790150627850092,0.2633551809007,0.18215599804832525,Alpaca (7b),3
33,concept_problem_extraction,alpaca-7b,Annotator_7,0.13344298673444913,0.17433833642052032,0.1419002621279787,Alpaca (7b),3
34,concept_problem_extraction,alpaca-7b,Annotator_8,0.12470742761117741,0.24143029451175416,0.14326676396632937,Alpaca (7b),3
25,concept_problem_extraction,alpaca-7b,Annotator_10,0.11304021905296714,0.3172013426608787,0.12389045179691736,Alpaca (7b),3
360,medication_extraction,alpaca-7b,Annotator_1,0.10386332403020944,0.19774569974385167,0.19328850887577967,Alpaca (7b),3
35,concept_problem_extraction,alpaca-7b,Annotator_9,0.07621327932205685,0.24257174881940874,0.10059270215464963,Alpaca (7b),3
115,concept_test_extraction,alpaca-7b,Annotator_5,0.07498481436608587,0.2639801223481196,0.09466166982786078,Alpaca (7b),3
114,concept_test_extraction,alpaca-7b,Annotator_4,0.06743711583458135,0.20888797715375873,0.08813234568336074,Alpaca (7b),3
113,concept_test_extraction,alpaca-7b,Annotator_3,0.04345383629531038,0.24616458855751594,0.060348567884125244,Alpaca (7b),3
112,concept_test_extraction,alpaca-7b,Annotator_2,0.08815395234557505,0.24071174361031467,0.11226920829817691,Alpaca (7b),3
111,concept_test_extraction,alpaca-7b,Annotator_12,0.07665241115118965,0.24503423463285018,0.1031445982951802,Alpaca (7b),3
110,concept_test_extraction,alpaca-7b,Annotator_11,0.08934262964343744,0.2522655018433275,0.11396041814975844,Alpaca (7b),3
109,concept_test_extraction,alpaca-7b,Annotator_10,0.05126918918188363,0.2960383359177314,0.06891076983840291,Alpaca (7b),3
108,concept_test_extraction,alpaca-7b,Annotator_1,0.047373783051845426,0.2528393499369635,0.07225240334379275,Alpaca (7b),3
116,concept_test_extraction,alpaca-7b,Annotator_6,0.08238845297455014,0.23887993131047075,0.09806268627703645,Alpaca (7b),3
192,concept_treatment_extraction,alpaca-7b,Annotator_1,0.0547767868069788,0.24955184862794336,0.07154327746513937,Alpaca (7b),3
118,concept_test_extraction,alpaca-7b,Annotator_8,0.13759935981935625,0.2420125799985436,0.14070720152394095,Alpaca (7b),3
119,concept_test_extraction,alpaca-7b,Annotator_9,0.056284656635103125,0.26161421854978584,0.07442399309298646,Alpaca (7b),3
117,concept_test_extraction,alpaca-7b,Annotator_7,0.1284860382220663,0.21155622008138314,0.13354456950262375,Alpaca (7b),3
203,concept_treatment_extraction,alpaca-7b,Annotator_9,0.03370479268935614,0.19019062294510602,0.05737127292020589,Alpaca (7b),3
202,concept_treatment_extraction,alpaca-7b,Annotator_8,0.05876902180165653,0.2372441543961888,0.07768667830563085,Alpaca (7b),3
193,concept_treatment_extraction,alpaca-7b,Annotator_10,0.04197604420624379,0.29513583283202977,0.06343313351355888,Alpaca (7b),3
194,concept_treatment_extraction,alpaca-7b,Annotator_11,0.11065599967310015,0.24668865799641307,0.13609927450220588,Alpaca (7b),3
201,concept_treatment_extraction,alpaca-7b,Annotator_7,0.06983757594201999,0.16534946425613084,0.09853193431655598,Alpaca (7b),3
195,concept_treatment_extraction,alpaca-7b,Annotator_12,0.04833696776198429,0.1754687657389442,0.06229612946712511,Alpaca (7b),3
196,concept_treatment_extraction,alpaca-7b,Annotator_2,0.07366044287355432,0.21726720983058714,0.09132465687678086,Alpaca (7b),3
197,concept_treatment_extraction,alpaca-7b,Annotator_3,0.03095698974066495,0.19537943481914677,0.0507096908809827,Alpaca (7b),3
198,concept_treatment_extraction,alpaca-7b,Annotator_4,0.06557279395370316,0.1752895607165175,0.09939910016552514,Alpaca (7b),3
199,concept_treatment_extraction,alpaca-7b,Annotator_5,0.04972126679535582,0.2163766649853459,0.07690182652236148,Alpaca (7b),3
200,concept_treatment_extraction,alpaca-7b,Annotator_6,0.12009433836577592,0.2872886324621458,0.14957200244259009,Alpaca (7b),3
219,concept_treatment_extraction,clinical-camel-7b,Annotator_12,0.32841547193374665,0.2921376842006204,0.2387319518527294,Clin-Camel (13b),4
220,concept_treatment_extraction,clinical-camel-7b,Annotator_2,0.20136182919821666,0.18942230116427863,0.25381362641592875,Clin-Camel (13b),4
221,concept_treatment_extraction,clinical-camel-7b,Annotator_3,0.05581862142982027,0.2860537301241023,0.07662186072369326,Clin-Camel (13b),4
222,concept_treatment_extraction,clinical-camel-7b,Annotator_4,0.5543183605557467,0.3325249143227218,0.3723549393333458,Clin-Camel (13b),4
223,concept_treatment_extraction,clinical-camel-7b,Annotator_5,0.04089481835190725,0.2942631847075954,0.053482281562315444,Clin-Camel (13b),4
224,concept_treatment_extraction,clinical-camel-7b,Annotator_6,0.5746307151004457,0.43610170418254646,0.46870896452865024,Clin-Camel (13b),4
225,concept_treatment_extraction,clinical-camel-7b,Annotator_7,0.22313052287154686,0.1935342332825896,0.24048426475734672,Clin-Camel (13b),4
226,concept_treatment_extraction,clinical-camel-7b,Annotator_8,0.212878945410615,0.3039805303212276,0.18439437448684753,Clin-Camel (13b),4
50,concept_problem_extraction,clinical-camel-7b,Annotator_11,0.41529246581934365,0.33173475912144673,0.33252594053282086,Clin-Camel (13b),4
51,concept_problem_extraction,clinical-camel-7b,Annotator_12,0.4129590127827453,0.29292618286827654,0.31291663688847604,Clin-Camel (13b),4
52,concept_problem_extraction,clinical-camel-7b,Annotator_2,0.318851631191905,0.2573451020875744,0.25387704176228576,Clin-Camel (13b),4
384,medication_extraction,clinical-camel-7b,Annotator_1,0.12189236778203205,0.22500597865536803,0.22034669141837512,Clin-Camel (13b),4
218,concept_treatment_extraction,clinical-camel-7b,Annotator_11,0.18715945131518788,0.3409483703343987,0.2029536410868217,Clin-Camel (13b),4
217,concept_treatment_extraction,clinical-camel-7b,Annotator_10,0.039160845856398466,0.1188145345302916,0.12936592992320028,Clin-Camel (13b),4
216,concept_treatment_extraction,clinical-camel-7b,Annotator_1,0.044624101121320356,0.1591666768844797,0.10430937567005386,Clin-Camel (13b),4
49,concept_problem_extraction,clinical-camel-7b,Annotator_10,0.32033560662712324,0.2876237245114696,0.295440562483365,Clin-Camel (13b),4
48,concept_problem_extraction,clinical-camel-7b,Annotator_1,0.27984763110327493,0.23408515131573754,0.29015848926799903,Clin-Camel (13b),4
132,concept_test_extraction,clinical-camel-7b,Annotator_1,0.008568697210850743,0.06898480208242197,0.01958095799372606,Clin-Camel (13b),4
133,concept_test_extraction,clinical-camel-7b,Annotator_10,0.0396499063183176,0.1053901501003221,0.0754032130976715,Clin-Camel (13b),4
134,concept_test_extraction,clinical-camel-7b,Annotator_11,0.12995930447639328,0.20832242189409925,0.11902429197224648,Clin-Camel (13b),4
135,concept_test_extraction,clinical-camel-7b,Annotator_12,0.08747667403164282,0.16500840658957783,0.07203565093120115,Clin-Camel (13b),4
136,concept_test_extraction,clinical-camel-7b,Annotator_2,0.08140831956220328,0.2154801334127681,0.079834464057939,Clin-Camel (13b),4
137,concept_test_extraction,clinical-camel-7b,Annotator_3,0.03410994455716542,0.26133379453477595,0.036140477487271526,Clin-Camel (13b),4
138,concept_test_extraction,clinical-camel-7b,Annotator_4,0.3209162387210264,0.23674848874678908,0.1962014186608423,Clin-Camel (13b),4
139,concept_test_extraction,clinical-camel-7b,Annotator_5,0.01891059402522773,0.21249722058716627,0.02183681785621454,Clin-Camel (13b),4
140,concept_test_extraction,clinical-camel-7b,Annotator_6,0.27501128193467667,0.2739554686884737,0.18509391165198075,Clin-Camel (13b),4
141,concept_test_extraction,clinical-camel-7b,Annotator_7,0.2106057041834766,0.2867223353600042,0.180935097817923,Clin-Camel (13b),4
53,concept_problem_extraction,clinical-camel-7b,Annotator_3,0.3625403455298567,0.28028804176145755,0.29286284607753427,Clin-Camel (13b),4
54,concept_problem_extraction,clinical-camel-7b,Annotator_4,0.5133510741471913,0.29229716652136095,0.3249427850641133,Clin-Camel (13b),4
56,concept_problem_extraction,clinical-camel-7b,Annotator_6,0.5059116964642253,0.3207566637266082,0.34924081173681293,Clin-Camel (13b),4
389,medication_extraction,clinical-camel-7b,Annotator_3,0.6268074367423169,0.5626169383338511,0.5454048916705521,Clin-Camel (13b),4
388,medication_extraction,clinical-camel-7b,Annotator_2,0.79039726111784,0.5812658103927767,0.6438201191278895,Clin-Camel (13b),4
387,medication_extraction,clinical-camel-7b,Annotator_12,0.3732178554069688,0.4210615812355779,0.3668567348566131,Clin-Camel (13b),4
386,medication_extraction,clinical-camel-7b,Annotator_11,0.24115078938340476,0.3027423232583989,0.2973828870489155,Clin-Camel (13b),4
385,medication_extraction,clinical-camel-7b,Annotator_10,0.5202664957219878,0.48345661414988794,0.47353143171592144,Clin-Camel (13b),4
468,risk_factor_cad_extraction,clinical-camel-7b,Annotator_1,0.07361460088000586,0.8006375553521232,0.06960222365806597,Clin-Camel (13b),4
469,risk_factor_cad_extraction,clinical-camel-7b,Annotator_10,0.13416884630398285,0.8534834039792139,0.14354083092485953,Clin-Camel (13b),4
470,risk_factor_cad_extraction,clinical-camel-7b,Annotator_11,0.06108425405396965,0.8776208615337527,0.09113874737149037,Clin-Camel (13b),4
471,risk_factor_cad_extraction,clinical-camel-7b,Annotator_12,0.08490926352534833,0.8485719469616976,0.10773041238863804,Clin-Camel (13b),4
472,risk_factor_cad_extraction,clinical-camel-7b,Annotator_2,0.06746658198363292,0.8271474007614205,0.09091840601288097,Clin-Camel (13b),4
473,risk_factor_cad_extraction,clinical-camel-7b,Annotator_3,0.13513427318775964,0.8594707983351196,0.15108775712618305,Clin-Camel (13b),4
474,risk_factor_cad_extraction,clinical-camel-7b,Annotator_4,0.13313058482971685,0.844415504041925,0.14887723187923368,Clin-Camel (13b),4
475,risk_factor_cad_extraction,clinical-camel-7b,Annotator_5,0.18547292683571512,0.7849910109805447,0.16856527917370293,Clin-Camel (13b),4
476,risk_factor_cad_extraction,clinical-camel-7b,Annotator_6,0.17248140488127192,0.8754591509805605,0.1877822548562609,Clin-Camel (13b),4
477,risk_factor_cad_extraction,clinical-camel-7b,Annotator_7,0.040171413732951196,0.811551988521458,0.051624046494448496,Clin-Camel (13b),4
478,risk_factor_cad_extraction,clinical-camel-7b,Annotator_8,0.20173227674515154,0.7843958366928832,0.17356512298696522,Clin-Camel (13b),4
479,risk_factor_cad_extraction,clinical-camel-7b,Annotator_9,0.04950894561575698,0.8634934294581004,0.07440061577009856,Clin-Camel (13b),4
390,medication_extraction,clinical-camel-7b,Annotator_4,0.7691821748613391,0.562029706890289,0.6196661090385391,Clin-Camel (13b),4
391,medication_extraction,clinical-camel-7b,Annotator_5,0.4753108585846462,0.4477885689990806,0.43852420342987747,Clin-Camel (13b),4
392,medication_extraction,clinical-camel-7b,Annotator_6,0.8291451083322418,0.5848488757936443,0.6656673718259113,Clin-Camel (13b),4
393,medication_extraction,clinical-camel-7b,Annotator_7,0.7641945710609829,0.5703944050334918,0.6172295506873707,Clin-Camel (13b),4
57,concept_problem_extraction,clinical-camel-7b,Annotator_7,0.5215040585486223,0.3080750223178004,0.34758893764716337,Clin-Camel (13b),4
58,concept_problem_extraction,clinical-camel-7b,Annotator_8,0.3837020425497165,0.3038408289381485,0.2810081977025062,Clin-Camel (13b),4
55,concept_problem_extraction,clinical-camel-7b,Annotator_5,0.3298864111401884,0.27832202442967857,0.24106221647574527,Clin-Camel (13b),4
59,concept_problem_extraction,clinical-camel-7b,Annotator_9,0.3263226279541704,0.3064952642208086,0.27580852390547994,Clin-Camel (13b),4
143,concept_test_extraction,clinical-camel-7b,Annotator_9,0.2675469152273924,0.24205436489014923,0.16082560869061846,Clin-Camel (13b),4
395,medication_extraction,clinical-camel-7b,Annotator_9,0.6818450655312858,0.5466537517149966,0.5630967441494655,Clin-Camel (13b),4
227,concept_treatment_extraction,clinical-camel-7b,Annotator_9,0.07243093248455612,0.08502195504462474,0.04842487763863038,Clin-Camel (13b),4
394,medication_extraction,clinical-camel-7b,Annotator_8,0.8555797184561212,0.5588734908018621,0.6543864840126399,Clin-Camel (13b),4
142,concept_test_extraction,clinical-camel-7b,Annotator_8,0.3462083654610954,0.2885325194119485,0.2593009677050757,Clin-Camel (13b),4
36,concept_problem_extraction,asclepius,Annotator_1,0.27456879124169675,0.33732840916502604,0.2602854629094399,Asclepius (7b),5
130,concept_test_extraction,asclepius,Annotator_8,0.16756079314404523,0.26061210605651947,0.20454494456124533,Asclepius (7b),5
467,risk_factor_cad_extraction,asclepius,Annotator_9,0.04757943296383407,0.8564986017840843,0.06929799479584353,Asclepius (7b),5
466,risk_factor_cad_extraction,asclepius,Annotator_8,0.05985145841346074,0.8233571801597334,0.07733695357747866,Asclepius (7b),5
465,risk_factor_cad_extraction,asclepius,Annotator_7,0.0319723080988712,0.8595946714653236,0.045967823332378754,Asclepius (7b),5
464,risk_factor_cad_extraction,asclepius,Annotator_6,0.04951402114451699,0.8602828624658669,0.07126738745686333,Asclepius (7b),5
463,risk_factor_cad_extraction,asclepius,Annotator_5,0.05107217539427217,0.8517347605348299,0.06625622425213105,Asclepius (7b),5
462,risk_factor_cad_extraction,asclepius,Annotator_4,0.05262738740305871,0.8645865189844607,0.07349785170962042,Asclepius (7b),5
461,risk_factor_cad_extraction,asclepius,Annotator_3,0.03955078600907884,0.8545410763614913,0.06092553474946825,Asclepius (7b),5
460,risk_factor_cad_extraction,asclepius,Annotator_2,0.053621338556160816,0.8617375683810522,0.07538415023619424,Asclepius (7b),5
459,risk_factor_cad_extraction,asclepius,Annotator_12,0.028441212127824175,0.8605785628335343,0.04554919671966781,Asclepius (7b),5
458,risk_factor_cad_extraction,asclepius,Annotator_11,0.04217920481300466,0.8766450698560379,0.06270962413183297,Asclepius (7b),5
457,risk_factor_cad_extraction,asclepius,Annotator_10,0.05306730561128901,0.8549491870149801,0.06675948424091944,Asclepius (7b),5
456,risk_factor_cad_extraction,asclepius,Annotator_1,0.026539109481734317,0.8634840335390015,0.043970133503909305,Asclepius (7b),5
120,concept_test_extraction,asclepius,Annotator_1,0.1611215217612616,0.2894357009619826,0.19691307920042156,Asclepius (7b),5
121,concept_test_extraction,asclepius,Annotator_10,0.15878685775646084,0.31482554053454836,0.19130420549154112,Asclepius (7b),5
122,concept_test_extraction,asclepius,Annotator_11,0.16527423965886737,0.30482024436003574,0.19819788166629027,Asclepius (7b),5
123,concept_test_extraction,asclepius,Annotator_12,0.17406907043298597,0.2885657046273439,0.1939737505197585,Asclepius (7b),5
124,concept_test_extraction,asclepius,Annotator_2,0.16611360674341907,0.29349493237474533,0.20427989986098818,Asclepius (7b),5
125,concept_test_extraction,asclepius,Annotator_3,0.09329576303968891,0.2578858044679158,0.1262228804964316,Asclepius (7b),5
126,concept_test_extraction,asclepius,Annotator_4,0.14819074258666168,0.27168223464839225,0.19791300198992637,Asclepius (7b),5
127,concept_test_extraction,asclepius,Annotator_5,0.15830370415296988,0.30481408182443565,0.1961460966202187,Asclepius (7b),5
128,concept_test_extraction,asclepius,Annotator_6,0.1819791068732518,0.2964480252844129,0.19585146921732907,Asclepius (7b),5
131,concept_test_extraction,asclepius,Annotator_9,0.17572237910727334,0.29059490174344554,0.1882298979480174,Asclepius (7b),5
129,concept_test_extraction,asclepius,Annotator_7,0.20532651440268793,0.31228378383086,0.23531748865591454,Asclepius (7b),5
383,medication_extraction,asclepius,Annotator_9,0.5578106195516702,0.6358086022043484,0.5577394386453229,Asclepius (7b),5
381,medication_extraction,asclepius,Annotator_7,0.5380084300107731,0.6130406123287799,0.5363992220975361,Asclepius (7b),5
205,concept_treatment_extraction,asclepius,Annotator_10,0.2603685055293099,0.43458088468873446,0.2874458682967163,Asclepius (7b),5
207,concept_treatment_extraction,asclepius,Annotator_12,0.38848041924338617,0.4632129451652519,0.34891144382016354,Asclepius (7b),5
208,concept_treatment_extraction,asclepius,Annotator_2,0.30477990531559623,0.3999876620815467,0.30904245154998156,Asclepius (7b),5
209,concept_treatment_extraction,asclepius,Annotator_3,0.19672717948978388,0.40031942159136275,0.2333338548408252,Asclepius (7b),5
210,concept_treatment_extraction,asclepius,Annotator_4,0.3648883511512299,0.4370529239033724,0.33727295948651703,Asclepius (7b),5
211,concept_treatment_extraction,asclepius,Annotator_5,0.28381051773653193,0.42663875494631764,0.305523720315632,Asclepius (7b),5
212,concept_treatment_extraction,asclepius,Annotator_6,0.38025474582721397,0.4780245544193878,0.370885339327782,Asclepius (7b),5
213,concept_treatment_extraction,asclepius,Annotator_7,0.2727674596021566,0.38733531800090293,0.2912365089343398,Asclepius (7b),5
214,concept_treatment_extraction,asclepius,Annotator_8,0.2894557878525178,0.42069358386774164,0.30287383079615915,Asclepius (7b),5
215,concept_treatment_extraction,asclepius,Annotator_9,0.23249319842304433,0.41056598389863563,0.26365752462605807,Asclepius (7b),5
39,concept_problem_extraction,asclepius,Annotator_12,0.2692280781943395,0.3254098024512863,0.2641157298885347,Asclepius (7b),5
40,concept_problem_extraction,asclepius,Annotator_2,0.3273483425358022,0.3354737943397972,0.2904838368977679,Asclepius (7b),5
41,concept_problem_extraction,asclepius,Annotator_3,0.22816205163611736,0.3438558124764978,0.23742560875703356,Asclepius (7b),5
42,concept_problem_extraction,asclepius,Annotator_4,0.23798684402241896,0.2928227580523879,0.23231520667677583,Asclepius (7b),5
43,concept_problem_extraction,asclepius,Annotator_5,0.24586621440789036,0.3375885360609672,0.25138039161894893,Asclepius (7b),5
44,concept_problem_extraction,asclepius,Annotator_6,0.2868356015659363,0.32664796186098993,0.2728730808529989,Asclepius (7b),5
45,concept_problem_extraction,asclepius,Annotator_7,0.26059371802860726,0.329734895959097,0.25133136803441897,Asclepius (7b),5
204,concept_treatment_extraction,asclepius,Annotator_1,0.2838240405523014,0.4149055590048001,0.2968331082339496,Asclepius (7b),5
382,medication_extraction,asclepius,Annotator_8,0.7171719591820671,0.6110528020527003,0.62234530789116,Asclepius (7b),5
46,concept_problem_extraction,asclepius,Annotator_8,0.22189311999506808,0.3098596343060511,0.22442584175058672,Asclepius (7b),5
47,concept_problem_extraction,asclepius,Annotator_9,0.23992434258482223,0.34197265114408953,0.25043766413136265,Asclepius (7b),5
206,concept_treatment_extraction,asclepius,Annotator_11,0.33446872632831876,0.4671271186219718,0.3506677315273211,Asclepius (7b),5
37,concept_problem_extraction,asclepius,Annotator_10,0.2630280958063689,0.3564320940326121,0.26194689852545516,Asclepius (7b),5
372,medication_extraction,asclepius,Annotator_1,0.5880297916956918,0.6235957314057058,0.5677483471046311,Asclepius (7b),5
373,medication_extraction,asclepius,Annotator_10,0.5677333212658584,0.6396110567104061,0.562076176010241,Asclepius (7b),5
374,medication_extraction,asclepius,Annotator_11,0.5788620417511631,0.6369374973216225,0.5648377072247942,Asclepius (7b),5
376,medication_extraction,asclepius,Annotator_2,0.5727410234077583,0.625591001218148,0.5640896973905128,Asclepius (7b),5
377,medication_extraction,asclepius,Annotator_3,0.5914328708363478,0.6349196459575821,0.5666508201830367,Asclepius (7b),5
375,medication_extraction,asclepius,Annotator_12,0.5132001522687699,0.6315564635373685,0.5311068171866627,Asclepius (7b),5
379,medication_extraction,asclepius,Annotator_5,0.5728659606432475,0.633741268807688,0.5634469650226187,Asclepius (7b),5
380,medication_extraction,asclepius,Annotator_6,0.6293720368739466,0.625646107864675,0.5880298220390182,Asclepius (7b),5
378,medication_extraction,asclepius,Annotator_4,0.525506907154032,0.6023433514360707,0.5206143441967488,Asclepius (7b),5
38,concept_problem_extraction,asclepius,Annotator_11,0.2883493910872215,0.3381352953933831,0.27482905373376476,Asclepius (7b),5
238,concept_treatment_extraction,medalpaca-7b,Annotator_8,0.25060834203817256,0.31906325867997504,0.21891231982621825,MedAlpaca (7b),6
236,concept_treatment_extraction,medalpaca-7b,Annotator_6,0.46854247854892506,0.3251582171677963,0.32725087981944034,MedAlpaca (7b),6
235,concept_treatment_extraction,medalpaca-7b,Annotator_5,0.19693803698449971,0.2634716237529828,0.19270951152807242,MedAlpaca (7b),6
234,concept_treatment_extraction,medalpaca-7b,Annotator_4,0.35325112072803816,0.30221622246313207,0.2515807577081795,MedAlpaca (7b),6
69,concept_problem_extraction,medalpaca-7b,Annotator_7,0.3533398658679366,0.252940777191981,0.2435827145458219,MedAlpaca (7b),6
68,concept_problem_extraction,medalpaca-7b,Annotator_6,0.37950489389974545,0.22850591545116045,0.24725011896896523,MedAlpaca (7b),6
67,concept_problem_extraction,medalpaca-7b,Annotator_5,0.26545333851497876,0.21177484357846807,0.21010947891359924,MedAlpaca (7b),6
66,concept_problem_extraction,medalpaca-7b,Annotator_4,0.3814237844339472,0.20782258414195906,0.23152631084728365,MedAlpaca (7b),6
237,concept_treatment_extraction,medalpaca-7b,Annotator_7,0.135525142705722,0.24744084697660865,0.14087695684153775,MedAlpaca (7b),6
239,concept_treatment_extraction,medalpaca-7b,Annotator_9,0.13208596239360942,0.29043001015600245,0.13692884192624954,MedAlpaca (7b),6
64,concept_problem_extraction,medalpaca-7b,Annotator_2,0.29023453088081713,0.2130456207858854,0.21893762323229554,MedAlpaca (7b),6
480,risk_factor_cad_extraction,medalpaca-7b,Annotator_1,0.158215775562941,0.7650399209958758,0.13350639110916082,MedAlpaca (7b),6
233,concept_treatment_extraction,medalpaca-7b,Annotator_3,0.08134007274588491,0.28699188422259125,0.10433401923415771,MedAlpaca (7b),6
481,risk_factor_cad_extraction,medalpaca-7b,Annotator_10,0.0657534658598731,0.8288823777876883,0.08312172240030943,MedAlpaca (7b),6
482,risk_factor_cad_extraction,medalpaca-7b,Annotator_11,0.08565247401360584,0.8306066179351529,0.10753360280224186,MedAlpaca (7b),6
483,risk_factor_cad_extraction,medalpaca-7b,Annotator_12,0.0814418247928977,0.8320215130920726,0.0995382048270373,MedAlpaca (7b),6
484,risk_factor_cad_extraction,medalpaca-7b,Annotator_2,0.17557987275873804,0.7658007056010033,0.14578411180853731,MedAlpaca (7b),6
485,risk_factor_cad_extraction,medalpaca-7b,Annotator_3,0.05652247515910349,0.8180830473666875,0.07406590168198265,MedAlpaca (7b),6
486,risk_factor_cad_extraction,medalpaca-7b,Annotator_4,0.12030896849636137,0.7584062172644437,0.1072168804516322,MedAlpaca (7b),6
487,risk_factor_cad_extraction,medalpaca-7b,Annotator_5,0.0571191395855088,0.8190556490759369,0.07832879231900239,MedAlpaca (7b),6
488,risk_factor_cad_extraction,medalpaca-7b,Annotator_6,0.12466439847254236,0.7813702969144383,0.12164771674444869,MedAlpaca (7b),6
489,risk_factor_cad_extraction,medalpaca-7b,Annotator_7,0.04033093948041997,0.8062144221004566,0.05115139579827304,MedAlpaca (7b),6
490,risk_factor_cad_extraction,medalpaca-7b,Annotator_8,0.1671933843357453,0.7792354090450992,0.13845902874469448,MedAlpaca (7b),6
491,risk_factor_cad_extraction,medalpaca-7b,Annotator_9,0.0697134968111405,0.8218213206333926,0.0935863295553445,MedAlpaca (7b),6
60,concept_problem_extraction,medalpaca-7b,Annotator_1,0.25541766012381006,0.24338382848886275,0.20262637321997418,MedAlpaca (7b),6
61,concept_problem_extraction,medalpaca-7b,Annotator_10,0.268211893787225,0.2778254407516863,0.21473755509551223,MedAlpaca (7b),6
62,concept_problem_extraction,medalpaca-7b,Annotator_11,0.38396582556722947,0.260432202931437,0.26801987391413584,MedAlpaca (7b),6
63,concept_problem_extraction,medalpaca-7b,Annotator_12,0.35248945195873477,0.23577478249993922,0.24160775869573353,MedAlpaca (7b),6
65,concept_problem_extraction,medalpaca-7b,Annotator_3,0.285115025948293,0.26123651762733463,0.21749501191255222,MedAlpaca (7b),6
232,concept_treatment_extraction,medalpaca-7b,Annotator_2,0.08281477723601745,0.1858711393542764,0.10295174635665494,MedAlpaca (7b),6
230,concept_treatment_extraction,medalpaca-7b,Annotator_11,0.26731452793167004,0.33772198782049667,0.23395649530504103,MedAlpaca (7b),6
150,concept_test_extraction,medalpaca-7b,Annotator_4,0.17573309051497138,0.16865965749448608,0.14491453424815678,MedAlpaca (7b),6
151,concept_test_extraction,medalpaca-7b,Annotator_5,0.05032595715822146,0.21946199839905153,0.049658393054378365,MedAlpaca (7b),6
152,concept_test_extraction,medalpaca-7b,Annotator_6,0.24757961079174629,0.235929346824096,0.1919960687784553,MedAlpaca (7b),6
153,concept_test_extraction,medalpaca-7b,Annotator_7,0.17140114488462968,0.1837385391838876,0.1213787672916559,MedAlpaca (7b),6
154,concept_test_extraction,medalpaca-7b,Annotator_8,0.17013213616186074,0.20590298681295782,0.16049069010827674,MedAlpaca (7b),6
407,medication_extraction,medalpaca-7b,Annotator_9,0.6418674648534499,0.5532083020300312,0.5559548321693554,MedAlpaca (7b),6
406,medication_extraction,medalpaca-7b,Annotator_8,0.7186711022500216,0.5593302307040428,0.5802323764861899,MedAlpaca (7b),6
405,medication_extraction,medalpaca-7b,Annotator_7,0.5344302609660939,0.5213344552893796,0.47135626995237434,MedAlpaca (7b),6
404,medication_extraction,medalpaca-7b,Annotator_6,0.7541623733807445,0.5262535239797377,0.5930934041425268,MedAlpaca (7b),6
403,medication_extraction,medalpaca-7b,Annotator_5,0.6245202407308262,0.5330531653217904,0.5352580901287136,MedAlpaca (7b),6
402,medication_extraction,medalpaca-7b,Annotator_4,0.526728196105199,0.48497481128911285,0.43342460306899994,MedAlpaca (7b),6
401,medication_extraction,medalpaca-7b,Annotator_3,0.5274453563866653,0.5688574102715525,0.4913002421824447,MedAlpaca (7b),6
400,medication_extraction,medalpaca-7b,Annotator_2,0.6729247481222026,0.5345244910833697,0.5479787390958114,MedAlpaca (7b),6
399,medication_extraction,medalpaca-7b,Annotator_12,0.6455923751936544,0.5625315454754412,0.5607667715605753,MedAlpaca (7b),6
398,medication_extraction,medalpaca-7b,Annotator_11,0.5824963749238425,0.5468658497363029,0.5261046540624092,MedAlpaca (7b),6
397,medication_extraction,medalpaca-7b,Annotator_10,0.6046941538836491,0.5689812990317552,0.5479770132349262,MedAlpaca (7b),6
396,medication_extraction,medalpaca-7b,Annotator_1,0.5639415741934092,0.5330723440101857,0.5022637127693309,MedAlpaca (7b),6
149,concept_test_extraction,medalpaca-7b,Annotator_3,0.028448690326064962,0.2527867424779659,0.0391513411028394,MedAlpaca (7b),6
231,concept_treatment_extraction,medalpaca-7b,Annotator_12,0.3681208845752997,0.312551367969186,0.2736851694364529,MedAlpaca (7b),6
148,concept_test_extraction,medalpaca-7b,Annotator_2,0.15341073169530497,0.20795855850806394,0.12389514435956672,MedAlpaca (7b),6
146,concept_test_extraction,medalpaca-7b,Annotator_11,0.09953584612675051,0.28677918798445284,0.10500818920569477,MedAlpaca (7b),6
229,concept_treatment_extraction,medalpaca-7b,Annotator_10,0.11229552821381346,0.29278457273277053,0.12199255412229643,MedAlpaca (7b),6
228,concept_treatment_extraction,medalpaca-7b,Annotator_1,0.22719293101932372,0.3164968756256279,0.20766735742788303,MedAlpaca (7b),6
71,concept_problem_extraction,medalpaca-7b,Annotator_9,0.25203711475797386,0.24562726891180886,0.2018614556131194,MedAlpaca (7b),6
155,concept_test_extraction,medalpaca-7b,Annotator_9,0.13448717265349794,0.2189347935818464,0.12026031625224207,MedAlpaca (7b),6
144,concept_test_extraction,medalpaca-7b,Annotator_1,0.055440729701515534,0.28032555681012716,0.056806783922278406,MedAlpaca (7b),6
145,concept_test_extraction,medalpaca-7b,Annotator_10,0.038251242169967704,0.2760642786332244,0.0548111169882062,MedAlpaca (7b),6
147,concept_test_extraction,medalpaca-7b,Annotator_12,0.17626008826965053,0.2673800043021192,0.14180680635721396,MedAlpaca (7b),6
70,concept_problem_extraction,medalpaca-7b,Annotator_8,0.34429315532573573,0.24773147192531925,0.2503054932343834,MedAlpaca (7b),6
